{
  "id": "black-sword-hack",
  "title": "Black Sword Hack",
  "description": "System support for the Black Sword Hack RPG. Added NPC Threat Level and BSH Initiative",
  "authors": [
        {
            "name": "Peter Wood",
            "url": "https://ko-fi.com/peterwood",
            "ko-fi": "peterwood"
        }
    ],
  "version": "1.2.11",
  "compatibility": {
    "minimum": 12,
    "verified": "12.325"
  },
  "esmodules": ["black-sword-hack.js"],
  "styles": ["black-sword-hack.css"],
  "languages": [
  	{"lang": "en",
     "name": "English",
     "path": "languages/en.json"},
    {"lang": "es",
     "name": "Spanish",
     "path": "languages/es.json"},
    {"lang": "fr",
     "name": "Français",
     "path": "languages/fr.json"},
    {"lang": "ru",
     "name": "Russian",
     "path": "languages/ru.json"}
  ],
  "url": "https://github.com/free-beer/black-sword-hack",
  "relationships": {
    "systems": [],
    "requires": []
  },
  "manifest": "https://someoldpirate.github.io/black-sword-hack/system.json",
  "download": "https://someoldpirate.github.io/black-sword-hack/black-sword-hack.zip"
}
